micrograph_id,path,micron_bar,micron_bar_units,micron_bar_px,magnification,detector,sample_key,contributor_key,primary_microconstituent
1,micrograph1.tif,5.0,um,129,4910x,SE,42,2,pearlite
2,micrograph2.tif,10.0,um,103,1964X,SE,18,2,spheroidite
4,micrograph4.tif,10.0,um,129,,SE,35,2,pearlite+spheroidite
5,micrograph5.tif,5.0,um,129,4910X,SE,10,2,pearlite
6,micrograph6.tif,20.0,um,124,1178X,SE,29,2,spheroidite
7,micrograph7.tif,20.0,um,103,982x,SE,40,2,spheroidite+widmanstatten
8,micrograph8.tif,100.0,um,103,,SE,31,2,network
9,micrograph9.tif,200.0,um,103,98x,SE,31,2,network
10,micrograph10.png,10.0,um,103,1964X,SE,39,2,spheroidite
11,micrograph11.tif,10.0,um,103,1964X,SE,18,2,spheroidite
12,micrograph12.tif,20.0,um,103,982x,SE,,2,pearlite+spheroidite
13,micrograph13.tif,200.0,um,103,98x,SE,8,2,network
14,micrograph14.tif,200.0,um,103,98X,SE,41,2,network
15,micrograph15.tif,20.0,um,83,786x,SE,,2,pearlite+spheroidite
18,micrograph18.png,200.0,um,103,98X,SE,39,2,network
20,micrograph20.tif,10.0,um,103,1964X,SE,41,2,martensite
21,micrograph21.tif,200.0,um,103,98x,SE,3,2,network
24,micrograph24.tif,200.0,um,103,98x,SE,33,2,network
26,micrograph26.tif,10.0,um,103,1964X,SE,4,2,spheroidite+widmanstatten
28,micrograph28.tif,500.0,um,129,49X,SE,,2,network
29,micrograph29.tif,20.0,um,154,1473X,SE,35,2,spheroidite
30,micrograph30.tif,20.0,um,103,982x,SE,20,2,spheroidite
31,micrograph31.tif,500.0,um,129,49X,SE,,2,network
32,micrograph32.tif,20.0,um,103,982x,SE,25,2,spheroidite
33,micrograph33.tif,500.0,um,129,,SE,,2,network
35,micrograph35.tif,200.0,um,103,98x,SE,34,2,network
36,micrograph36.tif,200.0,um,103,98x,SE,42,2,network
37,micrograph37.tif,20.0,um,103,982x,SE,38,2,spheroidite+widmanstatten
39,micrograph39.tif,20.0,um,103,982x,SE,34,2,spheroidite
41,micrograph41.tif,200.0,um,103,98x,BSE,41,2,martensite
42,micrograph42.tif,200.0,um,103,98X,BSE,7,2,network
44,micrograph44.tif,50.0,um,129,491x,SE,47,2,martensite
46,micrograph46.tif,500.0,um,129,,SE,,2,network
47,micrograph47.tif,500.0,um,129,49X,SE,,2,network
48,micrograph48.tif,10.0,um,103,1964X,SE,11,2,spheroidite
49,micrograph49.tif,20.0,um,103,982x,SE,36,2,spheroidite
51,micrograph51.tif,200.0,um,103,98X,SE,47,2,network
52,micrograph52.tif,10.0,um,129,,SE,,2,pearlite
53,micrograph53.tif,10.0,um,103,1964X,SE,32,2,spheroidite
58,micrograph58.tif,20.0,um,103,982x,SE,23,2,spheroidite+widmanstatten
59,micrograph59.tif,2.0,um,124,11785x,SE,9,2,pearlite
60,micrograph60.tif,200.0,um,103,98X,SE,35,2,network
62,micrograph62.tif,5.0,um,129,4910x,SE,,2,pearlite+spheroidite
65,micrograph65.tif,200.0,um,103,98x,SE,12,2,network
67,micrograph67.tif,5.0,um,129,4910X,SE,2,2,spheroidite
68,micrograph68.tif,5.0,um,129,4910X,SE,7,2,spheroidite
69,micrograph69.tif,20.0,um,103,982x,SE,35,2,spheroidite
70,micrograph70.tif,200.0,um,103,98x,BSE,7,2,network
71,micrograph71.tif,20.0,um,103,982x,SE,44,2,pearlite+spheroidite
72,micrograph72.tif,200.0,um,103,98X,SE,37,2,network
74,micrograph74.tif,2.0,um,124,11785x,SE,44,2,pearlite
75,micrograph75.tif,20.0,um,103,982x,SE,37,2,spheroidite
76,micrograph76.tif,10.0,um,103,1964X,SE,6,2,spheroidite
80,micrograph80.tif,200.0,um,103,98x,BSE,47,2,network
82,micrograph82.tif,10.0,um,103,1964X,SE,6,2,spheroidite
86,micrograph86.tif,200.0,um,124,118x,SE,37,2,network
88,micrograph88.tif,200.0,um,124,118x,BSE,24,2,network
89,micrograph89.tif,200.0,um,103,98X,SE,47,2,network
90,micrograph90.tif,20.0,um,103,982x,BSE,24,2,spheroidite
91,micrograph91.tif,2.0,um,154,14731x,SE,47,2,pearlite
95,micrograph95.tif,200.0,um,124,118x,SE,19,2,network
97,micrograph97.tif,200.0,um,103,98x,SE,6,2,network
98,micrograph98.tif,10.0,um,103,1964X,SE,20,2,spheroidite
99,micrograph99.tif,10.0,um,129,,BSE,41,2,martensite
104,micrograph104.tif,20.0,um,103,982x,SE,29,2,spheroidite
106,micrograph106.png,10.0,um,103,1964X,,37,2,spheroidite
107,micrograph107.png,10.0,um,103,1964X,SE,40,2,spheroidite
109,micrograph109.tif,5.0,um,129,4910X,SE,,2,pearlite+spheroidite
111,micrograph111.tif,5.0,um,129,4910X,SE,35,2,pearlite+spheroidite
112,micrograph112.tif,500.0,um,129,49X,SE,,2,network
113,micrograph113.tif,200.0,um,103,98X,BSE,7,2,network
114,micrograph114.tif,50.0,um,129,491x,SE,47,2,martensite
119,micrograph119.tif,10.0,um,129,,SE,35,2,pearlite+spheroidite
121,micrograph121.tif,200.0,nm,103,,SE,42,2,pearlite
122,micrograph122.tif,10.0,um,103,1964X,SE,17,2,spheroidite
124,micrograph124.tif,10.0,um,103,1964X,SE,14,2,spheroidite
126,micrograph126.tif,10.0,um,129,,SE,,2,pearlite
127,micrograph127.tif,500.0,um,129,49X,SE,,2,network
128,micrograph128.tif,500.0,um,129,49X,SE,,2,network
130,micrograph130.tif,1.0,um,129,24551X,SE,47,2,pearlite
131,micrograph131.tif,20.0,um,83,786x,SE,,2,pearlite+spheroidite
133,micrograph133.tif,200.0,um,103,98X,SE,4,2,network
135,micrograph135.tif,20.0,um,154,1473X,,26,2,spheroidite
137,micrograph137.tif,5.0,um,129,4910x,SE,,2,pearlite+spheroidite
138,micrograph138.tif,50.0,um,129,491x,SE,27,2,spheroidite
148,micrograph148.tif,5.0,um,90,3437x,SE,19,2,spheroidite
150,micrograph150.tif,200.0,um,103,98X,SE,35,2,network
152,micrograph152.png,10.0,um,103,1964X,,37,2,spheroidite
154,micrograph154.tif,20.0,um,154,1473X,BSE,24,2,spheroidite
156,micrograph156.png,10.0,um,103,1964X,SE,36,2,spheroidite
157,micrograph157.tif,500.0,um,129,,SE,42,2,network
160,micrograph160.tif,20.0,um,154,1473X,SE,28,2,spheroidite
161,micrograph161.tif,10.0,um,103,1964X,SE,21,2,spheroidite
162,micrograph162.tif,50.0,um,129,491x,SE,27,2,spheroidite
166,micrograph166.tif,5.0,um,129,4910X,SE,,2,pearlite+spheroidite
168,micrograph168.tif,200.0,um,103,98x,BSE,41,2,martensite
169,micrograph169.tif,10.0,um,103,1964X,SE,17,2,spheroidite
170,micrograph170.tif,10.0,um,103,1964X,SE,6,2,spheroidite
171,micrograph171.tif,50.0,um,129,491x,SE,24,2,spheroidite
172,micrograph172.tif,10.0,um,103,1964X,SE,20,2,spheroidite
173,micrograph173.png,200.0,um,103,98x,,37,2,network
176,micrograph176.tif,5.0,um,129,4910X,BSE,47,2,pearlite
177,micrograph177.png,10.0,um,103,1964X,SE,36,2,spheroidite
178,micrograph178.tif,10.0,um,103,1964X,SE,25,2,spheroidite
180,micrograph180.tif,1.0,um,129,24551X,SE,47,2,pearlite
184,micrograph184.tif,5.0,um,129,4910X,SE,16,2,spheroidite
185,micrograph185.tif,2.0,um,103,,SE,2,2,spheroidite
186,micrograph186.tif,5.0,um,129,4910X,SE,,2,pearlite+spheroidite
188,micrograph188.tif,500.0,um,90,34X,SE,44,2,network
189,micrograph189.tif,200.0,um,103,98X,BSE,47,2,network
191,micrograph191.tif,20.0,um,124,1178X,SE,4,2,spheroidite+widmanstatten
192,micrograph192.tif,10.0,um,103,1964X,SE,6,2,spheroidite
193,micrograph193.tif,5.0,um,129,4910X,SE,5,2,pearlite+spheroidite
194,micrograph194.tif,2.0,um,103,,SE,42,2,pearlite
195,micrograph195.tif,5.0,um,129,4910X,SE,29,2,spheroidite
196,micrograph196.tif,5.0,um,129,4910X,SE,33,2,spheroidite
198,micrograph198.tif,1.0,um,103,19641x,SE,9,2,pearlite
200,micrograph200.tif,100.0,um,129,246x,SE,25,2,spheroidite+widmanstatten
201,micrograph201.tif,20.0,um,103,982x,SE,44,2,pearlite+spheroidite
202,micrograph202.tif,20.0,um,103,982x,SE,25,2,spheroidite
204,micrograph204.tif,500.0,um,129,,SE,,2,network
205,micrograph205.tif,2.0,um,103,,SE,19,2,spheroidite
209,micrograph209.tif,5.0,um,129,4910X,SE,29,2,spheroidite
210,micrograph210.tif,10.0,um,103,1964X,SE,21,2,spheroidite
211,micrograph211.tif,10.0,um,103,1964X,SE,44,2,pearlite+spheroidite
212,micrograph212.tif,2.0,um,103,,SE,42,2,pearlite
214,micrograph214.tif,10.0,um,103,1964X,SE,34,2,spheroidite+widmanstatten
218,micrograph218.tif,2.0,um,83,,SE,10,2,pearlite
220,micrograph220.tif,20.0,um,103,982x,SE,16,2,spheroidite
221,micrograph221.tif,20.0,um,154,1473X,SE,34,2,spheroidite+widmanstatten
222,micrograph222.tif,20.0,um,154,1473X,SE,34,2,spheroidite+widmanstatten
223,micrograph223.png,10.0,um,103,1964X,,37,2,spheroidite
224,micrograph224.tif,10.0,um,103,1964X,SE,35,2,pearlite+spheroidite
229,micrograph229.tif,200.0,um,103,98X,SE,37,2,network
231,micrograph231.tif,20.0,um,103,982x,SE,21,2,spheroidite
233,micrograph233.tif,20.0,um,103,982x,SE,14,2,spheroidite+widmanstatten
234,micrograph234.tif,20.0,um,103,982x,SE,20,2,spheroidite
235,micrograph235.tif,20.0,um,103,982x,SE,29,2,spheroidite
237,micrograph237.tif,10.0,um,103,1964X,SE,13,2,spheroidite
242,micrograph242.tif,200.0,um,103,98X,SE,4,2,network
243,micrograph243.png,10.0,um,103,1964X,,37,2,spheroidite
245,micrograph245.tif,5.0,um,90,3437x,BSE,,2,pearlite+spheroidite
247,micrograph247.tif,2.0,um,103,,SE,10,2,pearlite
248,micrograph248.tif,20.0,um,103,982x,SE,39,2,spheroidite
251,micrograph251.tif,200.0,um,103,98x,SE,3,2,network
252,micrograph252.tif,2.0,um,103,9820X,SE,47,2,pearlite
253,micrograph253.tif,200.0,um,103,98x,SE,3,2,network
255,micrograph255.tif,200.0,um,103,98X,SE,28,2,network
257,micrograph257.tif,20.0,um,67,638x,BSE,24,2,spheroidite
261,micrograph261.tif,10.0,um,103,1964X,SE,2,2,spheroidite
265,micrograph265.tif,10.0,um,103,1964X,SE,6,2,spheroidite
269,micrograph269.tif,200.0,um,103,98x,SE,47,2,network
271,micrograph271.tif,10.0,um,103,1964X,SE,23,2,spheroidite
272,micrograph272.tif,5.0,um,129,4910X,SE,38,2,spheroidite
273,micrograph273.tif,10.0,um,103,1964X,SE,47,2,pearlite
280,micrograph280.tif,200.0,um,103,98X,BSE,47,2,network
283,micrograph283.tif,2.0,um,103,,SE,2,2,spheroidite
284,micrograph284.tif,500.0,nm,90,34372X,SE,,2,pearlite
285,micrograph285.tif,200.0,um,103,98X,SE,37,2,network
286,micrograph286.tif,5.0,um,129,4910X,SE,38,2,spheroidite
288,micrograph288.tif,10.0,um,129,,BSE,,2,pearlite+spheroidite
295,micrograph295.tif,20.0,um,103,982x,SE,40,2,spheroidite+widmanstatten
296,micrograph296.tif,5.0,um,129,4910X,SE,16,2,spheroidite
297,micrograph297.tif,500.0,um,129,49X,SE,47,2,network
301,micrograph301.tif,200.0,um,103,98X,SE,10,2,network
305,micrograph305.tif,200.0,um,124,118x,SE,47,2,network
306,micrograph306.tif,200.0,um,103,98X,SE,9,2,network
308,micrograph308.tif,10.0,um,103,1964X,SE,20,2,spheroidite
309,micrograph309.tif,1.0,um,129,24551X,SE,47,2,pearlite
311,micrograph311.tif,5.0,um,129,4910x,SE,12,2,spheroidite
312,micrograph312.tif,20.0,um,103,982x,SE,16,2,spheroidite
313,micrograph313.tif,2.0,um,83,7856X,SE,34,2,spheroidite+widmanstatten
314,micrograph314.tif,10.0,um,129,2455X,SE,34,2,spheroidite+widmanstatten
316,micrograph316.tif,200.0,um,103,98X,SE,41,2,network
318,micrograph318.png,10.0,um,103,1964X,SE,39,2,spheroidite
319,micrograph319.png,10.0,um,103,1964X,,37,2,spheroidite
321,micrograph321.tif,10.0,um,103,1964X,SE,7,2,spheroidite
322,micrograph322.tif,1.0,um,129,24551X,SE,47,2,pearlite
325,micrograph325.tif,500.0,nm,90,34372X,SE,9,2,pearlite
326,micrograph326.tif,5.0,um,90,3437X,SE,28,2,spheroidite
329,micrograph329.tif,20.0,um,103,982x,SE,47,2,pearlite
330,micrograph330.tif,5.0,um,129,4910X,SE,16,2,spheroidite
333,micrograph333.tif,10.0,um,129,,SE,40,2,spheroidite+widmanstatten
337,micrograph337.tif,20.0,um,154,1473X,,26,2,spheroidite
342,micrograph342.tif,5.0,um,129,4910X,SE,,2,pearlite+spheroidite
343,micrograph343.png,200.0,um,103,98X,SE,40,2,network
345,micrograph345.tif,10.0,um,103,1964X,BSE,41,2,martensite
346,micrograph346.tif,10.0,um,103,1964X,SE,,2,pearlite+widmanstatten
347,micrograph347.tif,200.0,um,103,98x,SE,42,2,network
349,micrograph349.tif,2.0,um,103,,SE,47,2,pearlite
351,micrograph351.tif,20.0,um,103,982x,SE,16,2,spheroidite
352,micrograph352.tif,5.0,um,129,4910X,SE,32,2,spheroidite
353,micrograph353.tif,2.0,um,103,,SE,42,2,pearlite
354,micrograph354.tif,50.0,um,129,491x,SE,32,2,spheroidite+widmanstatten
357,micrograph357.tif,50.0,um,129,491x,SE,25,2,spheroidite
359,micrograph359.tif,20.0,um,103,982x,SE,34,2,spheroidite+widmanstatten
360,micrograph360.tif,10.0,um,103,1964X,SE,14,2,spheroidite
363,micrograph363.tif,20.0,um,83,786x,SE,24,2,spheroidite
364,micrograph364.tif,5.0,um,129,4910X,SE,2,2,spheroidite
366,micrograph366.tif,20.0,um,83,786x,SE,47,2,martensite
367,micrograph367.tif,10.0,um,103,1964X,SE,18,2,spheroidite
368,micrograph368.tif,200.0,um,154,147x,SE,37,2,network
369,micrograph369.tif,5.0,um,129,4910x,SE,19,2,spheroidite
371,micrograph371.tif,200.0,um,103,98x,SE,12,2,network
373,micrograph373.tif,5.0,um,129,4910x,SE,12,2,spheroidite
375,micrograph375.tif,2.0,um,103,9820X,SE,34,2,spheroidite
376,micrograph376.tif,5.0,um,129,4910X,SE,2,2,spheroidite
380,micrograph380.tif,10.0,um,103,1964X,SE,35,2,pearlite+spheroidite
381,micrograph381.tif,50.0,um,129,491x,BSE,41,2,martensite
382,micrograph382.tif,10.0,um,103,1964X,SE,6,2,spheroidite
383,micrograph383.tif,200.0,um,103,98X,SE,29,2,network
384,micrograph384.tif,500.0,um,129,49X,,4,2,network
386,micrograph386.tif,5.0,um,90,3437X,SE,28,2,spheroidite
387,micrograph387.tif,5.0,um,129,4910X,SE,47,2,pearlite
388,micrograph388.png,10.0,um,103,1964X,SE,40,2,spheroidite
391,micrograph391.tif,10.0,um,103,1964X,SE,7,2,spheroidite
392,micrograph392.tif,2.0,um,83,7856X,SE,,2,pearlite
396,micrograph396.tif,200.0,um,103,98X,SE,25,2,network
397,micrograph397.tif,10.0,um,129,,SE,42,2,pearlite
398,micrograph398.tif,20.0,um,103,982x,SE,36,2,spheroidite
401,micrograph401.tif,2.0,um,154,14731x,SE,44,2,pearlite
402,micrograph402.tif,10.0,um,103,1964X,SE,36,2,spheroidite
403,micrograph403.tif,200.0,um,67,64x,SE,9,2,network
404,micrograph404.tif,20.0,um,67,638x,SE,,2,pearlite+spheroidite
406,micrograph406.tif,5.0,um,90,3437X,SE,40,2,spheroidite
407,micrograph407.tif,10.0,um,103,1964X,SE,21,2,spheroidite
408,micrograph408.tif,20.0,um,154,1473X,SE,24,2,spheroidite
411,micrograph411.tif,5.0,um,90,3437X,SE,33,2,spheroidite
418,micrograph418.tif,10.0,um,103,1964X,SE,36,2,spheroidite
419,micrograph419.tif,50.0,um,129,491x,SE,11,2,spheroidite
421,micrograph421.tif,500.0,um,129,49X,SE,47,2,network
422,micrograph422.tif,5.0,um,129,4910x,SE,11,2,spheroidite
427,micrograph427.png,10.0,um,103,1964X,SE,36,2,spheroidite
430,micrograph430.tif,2.0,um,103,,SE,18,2,spheroidite
431,micrograph431.tif,20.0,um,154,1473X,SE,,2,pearlite+spheroidite
433,micrograph433.tif,50.0,um,129,491x,SE,29,2,spheroidite+widmanstatten
435,micrograph435.png,10.0,um,103,1964X,,37,2,spheroidite
436,micrograph436.png,10.0,um,103,1964X,,37,2,spheroidite
437,micrograph437.tif,10.0,um,103,1964X,SE,2,2,spheroidite
440,micrograph440.png,10.0,um,103,1964X,,37,2,spheroidite
441,micrograph441.tif,200.0,um,103,98X,BSE,47,2,network
442,micrograph442.tif,2.0,um,103,,SE,19,2,spheroidite
443,micrograph443.tif,10.0,um,103,1964X,SE,32,2,spheroidite
447,micrograph447.tif,200.0,um,103,98x,SE,35,2,network
449,micrograph449.tif,5.0,um,129,4910X,BSE,33,2,spheroidite
451,micrograph451.tif,20.0,um,83,786x,BSE,24,2,spheroidite
452,micrograph452.tif,10.0,um,129,,SE,47,2,spheroidite
453,micrograph453.tif,10.0,um,129,,SE,,2,pearlite+spheroidite
454,micrograph454.tif,200.0,um,103,98X,SE,47,2,network
457,micrograph457.png,10.0,um,103,1964X,SE,36,2,spheroidite
458,micrograph458.tif,20.0,um,154,1473X,SE,33,2,spheroidite
459,micrograph459.tif,100.0,um,129,246x,BSE,41,2,martensite
463,micrograph463.tif,2.0,um,103,,SE,19,2,spheroidite
464,micrograph464.tif,5.0,um,129,4910x,SE,19,2,spheroidite
465,micrograph465.tif,2.0,um,103,,SE,18,2,spheroidite
466,micrograph466.tif,5.0,um,129,4910x,SE,42,2,pearlite+spheroidite
468,micrograph468.png,10.0,um,103,1964X,,37,2,spheroidite
470,micrograph470.tif,10.0,um,103,1964X,SE,19,2,spheroidite
471,micrograph471.tif,20.0,um,124,1178X,SE,32,2,spheroidite+widmanstatten
472,micrograph472.tif,20.0,um,83,786x,SE,24,2,spheroidite
474,micrograph474.png,10.0,um,103,1964X,SE,39,2,spheroidite
475,micrograph475.tif,20.0,um,103,982x,SE,34,2,spheroidite+widmanstatten
477,micrograph477.tif,20.0,um,83,786x,SE,4,2,spheroidite+widmanstatten
479,micrograph479.tif,2.0,um,103,9820X,SE,47,2,pearlite
480,micrograph480.tif,500.0,um,129,,SE,47,2,network
481,micrograph481.tif,10.0,um,103,1964X,SE,5,2,pearlite+spheroidite
483,micrograph483.tif,50.0,um,129,491x,SE,5,2,pearlite+spheroidite
484,micrograph484.tif,500.0,um,129,49X,SE,47,2,network
486,micrograph486.tif,5.0,um,129,4910x,SE,12,2,spheroidite
487,micrograph487.tif,5.0,um,129,4910x,SE,44,2,pearlite
488,micrograph488.tif,20.0,um,103,982x,SE,17,2,spheroidite+widmanstatten
489,micrograph489.tif,10.0,um,129,,SE,33,2,spheroidite
490,micrograph490.tif,20.0,um,67,638x,SE,3,2,pearlite+widmanstatten
492,micrograph492.tif,100.0,um,129,246x,SE,47,2,martensite
493,micrograph493.tif,5.0,um,129,4910X,SE,18,2,spheroidite
495,micrograph495.tif,20.0,um,103,982x,SE,37,2,spheroidite
496,micrograph496.tif,5.0,um,90,3437X,SE,,2,pearlite+widmanstatten
499,micrograph499.tif,20.0,um,103,982x,SE,5,2,pearlite+spheroidite
500,micrograph500.tif,500.0,um,129,49X,SE,,2,network
501,micrograph501.tif,2.0,um,103,9820X,SE,,2,pearlite
502,micrograph502.tif,10.0,um,103,1964X,SE,47,2,martensite
507,micrograph507.tif,50.0,um,129,491x,BSE,,2,spheroidite+widmanstatten
512,micrograph512.tif,5.0,um,90,3437X,SE,29,2,spheroidite
514,micrograph514.tif,500.0,um,129,49X,SE,3,2,network
515,micrograph515.tif,10.0,um,103,1964X,SE,5,2,pearlite+spheroidite
517,micrograph517.tif,10.0,um,103,1964X,SE,33,2,spheroidite
518,micrograph518.tif,500.0,um,129,49X,SE,37,2,network
520,micrograph520.tif,200.0,um,103,98X,SE,29,2,network
522,micrograph522.tif,20.0,um,124,1178X,SE,5,2,pearlite+spheroidite
523,micrograph523.tif,20.0,um,124,1178X,SE,47,2,pearlite+widmanstatten
524,micrograph524.tif,20.0,um,103,982x,SE,19,2,spheroidite
528,micrograph528.tif,200.0,um,102,97x,SE,47,2,network
530,micrograph530.tif,20.0,um,103,982x,SE,36,2,spheroidite
532,micrograph532.tif,50.0,um,129,491x,SE,44,2,pearlite+spheroidite
534,micrograph534.tif,20.0,um,103,982x,BSE,24,2,spheroidite
535,micrograph535.tif,10.0,um,103,1964X,BSE,47,2,pearlite
536,micrograph536.png,10.0,um,103,1964X,SE,40,2,spheroidite
537,micrograph537.tif,200.0,um,103,98x,BSE,47,2,network
541,micrograph541.tif,5.0,um,129,4910x,SE,,2,pearlite+spheroidite
543,micrograph543.tif,20.0,um,103,982x,SE,21,2,spheroidite
544,micrograph544.tif,20.0,um,103,982x,SE,5,2,pearlite+spheroidite
545,micrograph545.tif,200.0,um,124,118x,SE,19,2,network
546,micrograph546.tif,500.0,um,129,49X,SE,,2,network
548,micrograph548.tif,5.0,um,90,3437X,SE,33,2,spheroidite
551,micrograph551.tif,20.0,um,103,982x,SE,13,2,spheroidite+widmanstatten
553,micrograph553.tif,20.0,um,103,982x,SE,22,2,pearlite+widmanstatten
554,micrograph554.tif,2.0,um,103,,,47,2,pearlite
555,micrograph555.tif,20.0,um,103,982x,SE,36,2,spheroidite
558,micrograph558.tif,2.0,um,103,,SE,18,2,spheroidite
561,micrograph561.tif,10.0,um,103,1964X,SE,37,2,spheroidite
565,micrograph565.tif,5.0,um,129,4910X,SE,7,2,spheroidite
566,micrograph566.png,10.0,um,103,1964X,,37,2,spheroidite
567,micrograph567.tif,5.0,um,129,4910X,SE,,2,pearlite+spheroidite
568,micrograph568.tif,5.0,um,129,4910X,SE,18,2,spheroidite
569,micrograph569.tif,10.0,um,103,1964X,SE,16,2,spheroidite
572,micrograph572.tif,20.0,um,124,1178X,SE,,2,pearlite+spheroidite
573,micrograph573.tif,5.0,um,129,4910X,SE,6,2,spheroidite
576,micrograph576.tif,10.0,um,103,1964X,SE,31,2,pearlite+spheroidite
579,micrograph579.tif,20.0,um,103,982x,SE,37,2,spheroidite+widmanstatten
584,micrograph584.tif,200.0,um,124,118x,SE,12,2,network
586,micrograph586.tif,2.0,um,83,7856X,SE,34,2,spheroidite+widmanstatten
589,micrograph589.tif,10.0,um,103,1964X,SE,16,2,spheroidite
592,micrograph592.tif,200.0,um,103,98x,SE,34,2,network
594,micrograph594.tif,2.0,um,103,,SE,18,2,spheroidite
596,micrograph596.tif,5.0,um,129,4910X,SE,38,2,spheroidite
597,micrograph597.tif,200.0,um,103,98x,SE,26,2,network
598,micrograph598.tif,20.0,um,103,982x,SE,23,2,spheroidite
599,micrograph599.tif,20.0,um,103,982x,SE,40,2,spheroidite+widmanstatten
601,micrograph601.tif,10.0,um,103,1964X,SE,13,2,spheroidite
602,micrograph602.tif,20.0,um,103,982x,BSE,,2,pearlite+spheroidite
604,micrograph604.tif,2.0,um,154,14731x,SE,44,2,pearlite
607,micrograph607.tif,20.0,um,124,1178X,SE,34,2,spheroidite
608,micrograph608.tif,100.0,um,129,246x,BSE,24,2,network
609,micrograph609.tif,20.0,um,103,982x,SE,31,2,pearlite+spheroidite
610,micrograph610.tif,500.0,um,125,48X,SE,44,2,network
611,micrograph611.tif,10.0,um,103,1964X,SE,27,2,spheroidite
615,micrograph615.tif,500.0,um,129,,SE,29,2,network
616,micrograph616.tif,20.0,um,83,786x,BSE,24,2,spheroidite
625,micrograph625.tif,500.0,um,129,49X,SE,29,2,network
626,micrograph626.tif,200.0,um,103,98X,SE,31,2,network
628,micrograph628.tif,20.0,um,103,982x,SE,40,2,spheroidite+widmanstatten
632,micrograph632.tif,5.0,um,129,4910X,SE,23,2,spheroidite
633,micrograph633.tif,10.0,um,103,1964X,SE,7,2,spheroidite
637,micrograph637.tif,5.0,um,129,4910x,SE,,2,pearlite+spheroidite
639,micrograph639.tif,5.0,um,90,3437x,SE,19,2,spheroidite
640,micrograph640.tif,20.0,um,154,1473X,SE,28,2,spheroidite+widmanstatten
641,micrograph641.tif,10.0,um,103,1964X,SE,2,2,spheroidite
642,micrograph642.tif,200.0,um,103,98x,SE,31,2,network
643,micrograph643.tif,10.0,um,103,1964X,SE,16,2,spheroidite+widmanstatten
644,micrograph644.tif,5.0,um,129,4910x,SE,,2,pearlite+spheroidite
646,micrograph646.tif,200.0,um,103,98X,SE,37,2,network
648,micrograph648.tif,10.0,um,129,,SE,,2,pearlite+spheroidite
649,micrograph649.tif,200.0,um,103,98x,SE,31,2,network
650,micrograph650.tif,20.0,um,83,786x,SE,25,2,spheroidite+widmanstatten
652,micrograph652.tif,10.0,um,129,,BSE,,2,pearlite
655,micrograph655.tif,20.0,um,154,1473X,BSE,24,2,spheroidite
656,micrograph656.tif,10.0,um,129,,SE,,2,pearlite+spheroidite
659,micrograph659.tif,200.0,um,103,98x,SE,8,2,network
660,micrograph660.tif,20.0,um,103,982x,SE,5,2,pearlite+spheroidite
664,micrograph664.tif,5.0,um,129,4910X,,26,2,spheroidite
670,micrograph670.tif,10.0,um,103,1964X,SE,2,2,spheroidite
671,micrograph671.tif,10.0,um,103,1964X,SE,13,2,spheroidite
672,micrograph672.tif,20.0,um,124,1178X,BSE,,2,pearlite+spheroidite
676,micrograph676.tif,5.0,um,129,4910x,SE,,2,pearlite+spheroidite
677,micrograph677.tif,2.0,um,103,,SE,5,2,pearlite+spheroidite
678,micrograph678.tif,10.0,um,103,1964X,SE,18,2,spheroidite
679,micrograph679.tif,5.0,um,129,4910X,SE,23,2,spheroidite
681,micrograph681.png,10.0,um,103,1964X,SE,39,2,spheroidite
682,micrograph682.tif,500.0,um,122,46X,SE,47,2,network
683,micrograph683.tif,5.0,um,129,4910X,SE,18,2,spheroidite
684,micrograph684.tif,20.0,um,154,1473X,SE,24,2,spheroidite
685,micrograph685.tif,20.0,um,154,1473X,BSE,24,2,spheroidite
687,micrograph687.tif,200.0,um,103,98X,SE,25,2,network
689,micrograph689.png,10.0,um,103,1964X,SE,39,2,spheroidite
690,micrograph690.tif,500.0,um,129,49X,SE,,2,network
691,micrograph691.tif,5.0,um,129,4910X,SE,47,2,pearlite
694,micrograph694.tif,20.0,um,103,982x,SE,25,2,spheroidite
699,micrograph699.tif,10.0,um,103,1964X,SE,2,2,spheroidite
702,micrograph702.tif,200.0,um,103,98x,SE,42,2,network
704,micrograph704.tif,5.0,um,90,3437X,SE,35,2,pearlite+spheroidite
705,micrograph705.tif,20.0,um,103,982x,SE,17,2,spheroidite
706,micrograph706.tif,1.0,um,103,19641x,SE,,2,pearlite
707,micrograph707.tif,20.0,um,67,638x,SE,32,2,spheroidite+widmanstatten
708,micrograph708.tif,20.0,um,103,982x,SE,33,2,spheroidite
710,micrograph710.tif,20.0,um,103,982x,SE,16,2,spheroidite+widmanstatten
714,micrograph714.tif,10.0,um,103,1964X,SE,33,2,spheroidite
716,micrograph716.tif,20.0,um,154,1473X,SE,,2,pearlite+spheroidite
717,micrograph717.tif,50.0,um,129,491x,SE,32,2,spheroidite+widmanstatten
718,micrograph718.tif,10.0,um,129,,SE,24,2,spheroidite
721,micrograph721.tif,200.0,um,103,98X,SE,5,2,network
725,micrograph725.tif,2.0,um,103,,SE,42,2,pearlite
727,micrograph727.tif,5.0,um,90,,SE,44,2,pearlite+spheroidite
728,micrograph728.tif,500.0,um,129,49X,SE,9,2,network
732,micrograph732.tif,500.0,um,129,,SE,44,2,network
734,micrograph734.tif,20.0,um,103,982x,SE,20,2,spheroidite
736,micrograph736.tif,10.0,um,103,1964X,SE,36,2,spheroidite
737,micrograph737.tif,500.0,um,129,49X,SE,,2,network
738,micrograph738.tif,200.0,um,103,98X,SE,33,2,network
741,micrograph741.tif,200.0,um,103,98X,SE,31,2,network
742,micrograph742.tif,20.0,um,103,982x,SE,44,2,pearlite+spheroidite
744,micrograph744.tif,2.0,um,103,,SE,47,2,pearlite
745,micrograph745.tif,20.0,um,154,1473X,SE,29,2,spheroidite
746,micrograph746.tif,20.0,um,154,1473X,SE,39,2,spheroidite
747,micrograph747.tif,2.0,um,103,,SE,18,2,spheroidite
749,micrograph749.tif,20.0,um,103,982x,SE,31,2,pearlite+spheroidite
753,micrograph753.tif,2.0,um,67,6383X,SE,,2,pearlite+widmanstatten
755,micrograph755.tif,200.0,um,103,98X,BSE,47,2,network
756,micrograph756.tif,2.0,um,83,,BSE,33,2,spheroidite
757,micrograph757.tif,2.0,um,103,9820X,SE,,2,pearlite
758,micrograph758.tif,5.0,um,129,4910x,SE,,2,pearlite+spheroidite
762,micrograph762.tif,2.0,um,103,,SE,6,2,spheroidite
764,micrograph764.tif,20.0,um,103,982x,SE,39,2,spheroidite
765,micrograph765.tif,2.0,um,103,,SE,,2,pearlite+spheroidite
768,micrograph768.tif,5.0,um,90,3437x,SE,,2,pearlite
771,micrograph771.tif,10.0,um,129,,SE,,2,pearlite+spheroidite
772,micrograph772.tif,10.0,um,103,1964X,SE,18,2,spheroidite
773,micrograph773.tif,10.0,um,129,,SE,,2,pearlite
775,micrograph775.tif,5.0,um,90,3437x,SE,47,2,pearlite
776,micrograph776.tif,5.0,um,129,4910X,SE,33,2,spheroidite
779,micrograph779.tif,50.0,um,129,491x,SE,5,2,pearlite+spheroidite
784,micrograph784.tif,2.0,um,67,6383X,SE,,2,pearlite
785,micrograph785.tif,20.0,um,83,786x,BSE,41,2,martensite
791,micrograph791.tif,200.0,um,103,98x,BSE,40,2,network
795,micrograph795.tif,500.0,um,129,,SE,44,2,network
796,micrograph796.tif,1.0,um,103,19641x,SE,47,2,pearlite
798,micrograph798.tif,2.0,um,103,9820X,SE,47,2,pearlite
799,micrograph799.tif,500.0,um,129,49X,SE,47,2,network
803,micrograph803.tif,2.0,um,83,7856X,SE,,2,pearlite
805,micrograph805.tif,500.0,um,129,,SE,42,2,network
806,micrograph806.tif,200.0,um,107,102x,SE,44,2,network
807,micrograph807.tif,500.0,um,92,35x,SE,,2,network
808,micrograph808.tif,20.0,um,124,1178X,SE,,2,pearlite+spheroidite
811,micrograph811.tif,50.0,um,129,491x,SE,19,2,spheroidite+widmanstatten
813,micrograph813.tif,500.0,um,129,,SE,44,2,network
814,micrograph814.tif,5.0,um,129,4910X,SE,15,2,pearlite
815,micrograph815.tif,200.0,um,103,98x,SE,,2,network
816,micrograph816.tif,50.0,um,90,344x,SE,4,2,spheroidite+widmanstatten
820,micrograph820.tif,200.0,um,103,98x,SE,12,2,network
821,micrograph821.tif,2.0,um,67,,SE,32,2,spheroidite+widmanstatten
825,micrograph825.tif,10.0,um,103,1964X,SE,,2,pearlite+spheroidite
828,micrograph828.tif,2.0,um,103,,,47,2,pearlite
831,micrograph831.tif,2.0,um,103,,SE,18,2,spheroidite
832,micrograph832.tif,20.0,um,103,982x,SE,40,2,spheroidite+widmanstatten
833,micrograph833.tif,2.0,um,83,7856X,SE,8,2,pearlite
835,micrograph835.tif,500.0,um,129,49X,SE,,2,network
836,micrograph836.tif,10.0,um,103,1964X,SE,,2,pearlite+widmanstatten
841,micrograph841.tif,200.0,um,103,98X,SE,29,2,network
843,micrograph843.tif,200.0,um,103,98X,SE,,2,network
844,micrograph844.tif,500.0,um,129,49X,SE,47,2,network
845,micrograph845.tif,200.0,um,103,98X,SE,,2,network
847,micrograph847.tif,200.0,um,103,98x,SE,3,2,network
850,micrograph850.tif,2.0,um,83,,SE,9,2,pearlite
852,micrograph852.tif,2.0,um,103,,SE,47,2,pearlite
854,micrograph854.tif,5.0,um,90,3437x,SE,24,2,spheroidite
855,micrograph855.tif,200.0,um,103,98X,BSE,47,2,network
857,micrograph857.tif,20.0,um,103,982x,SE,,2,pearlite+widmanstatten
858,micrograph858.tif,5.0,um,129,4910X,SE,16,2,spheroidite
859,micrograph859.tif,2.0,um,103,,SE,6,2,spheroidite
861,micrograph861.tif,200.0,um,103,98X,BSE,47,2,network
862,micrograph862.tif,10.0,um,103,1964X,SE,34,2,spheroidite+widmanstatten
864,micrograph864.tif,10.0,um,103,1964X,SE,40,2,spheroidite
865,micrograph865.tif,100.0,um,129,246x,SE,35,2,network
866,micrograph866.tif,2.0,um,103,9820X,SE,47,2,pearlite+spheroidite
867,micrograph867.tif,20.0,um,103,982x,SE,21,2,spheroidite
871,micrograph871.tif,20.0,um,103,982x,SE,5,2,pearlite+spheroidite
873,micrograph873.tif,20.0,um,103,982x,SE,23,2,spheroidite+widmanstatten
875,micrograph875.tif,20.0,um,154,1473X,SE,,2,pearlite+widmanstatten
877,micrograph877.tif,500.0,um,129,49X,SE,47,2,network
880,micrograph880.tif,2.0,um,103,,,47,2,pearlite
881,micrograph881.tif,20.0,um,154,1473X,SE,32,2,spheroidite+widmanstatten
882,micrograph882.tif,50.0,um,129,491x,SE,,2,pearlite+widmanstatten
883,micrograph883.tif,10.0,um,103,1964X,SE,21,2,spheroidite
884,micrograph884.tif,50.0,um,129,491x,SE,4,2,spheroidite+widmanstatten
885,micrograph885.tif,2.0,um,103,,SE,2,2,spheroidite
887,micrograph887.tif,20.0,um,124,1178X,SE,16,2,spheroidite
888,micrograph888.tif,5.0,um,129,4910X,SE,40,2,spheroidite
889,micrograph889.tif,20.0,um,83,786x,SE,24,2,spheroidite
890,micrograph890.tif,10.0,um,129,2455X,SE,34,2,spheroidite+widmanstatten
891,micrograph891.tif,2.0,um,103,9820X,SE,,2,pearlite
893,micrograph893.tif,10.0,um,103,1964X,SE,4,2,spheroidite+widmanstatten
894,micrograph894.tif,10.0,um,103,1964X,SE,23,2,spheroidite
896,micrograph896.tif,2.0,um,103,,SE,42,2,pearlite
897,micrograph897.tif,200.0,um,154,147x,SE,3,2,network
905,micrograph905.tif,50.0,um,129,491x,SE,25,2,spheroidite+widmanstatten
906,micrograph906.tif,20.0,um,103,982x,SE,20,2,spheroidite
907,micrograph907.tif,20.0,um,103,982x,SE,28,2,spheroidite
908,micrograph908.tif,20.0,um,154,1473X,SE,,2,pearlite+spheroidite
909,micrograph909.tif,200.0,um,103,98X,SE,41,2,network
910,micrograph910.tif,10.0,um,103,1964X,SE,,2,pearlite+spheroidite
911,micrograph911.tif,10.0,um,129,,SE,,2,pearlite+widmanstatten
912,micrograph912.tif,20.0,um,103,982x,SE,23,2,spheroidite
914,micrograph914.tif,20.0,um,103,982x,SE,39,2,spheroidite
915,micrograph915.tif,20.0,um,154,1473X,SE,28,2,spheroidite+widmanstatten
916,micrograph916.tif,5.0,um,129,4910X,SE,,2,pearlite+spheroidite
917,micrograph917.tif,20.0,um,103,982x,SE,37,2,spheroidite
918,micrograph918.tif,10.0,um,103,1964X,SE,47,2,spheroidite+widmanstatten
920,micrograph920.tif,10.0,um,103,1964X,SE,15,2,pearlite
921,micrograph921.tif,200.0,um,103,98x,SE,29,2,network
922,micrograph922.tif,1.0,um,129,24551X,SE,,2,pearlite
925,micrograph925.tif,200.0,um,103,98X,SE,47,2,network
926,micrograph926.tif,20.0,um,103,982x,BSE,,2,pearlite+spheroidite
927,micrograph927.tif,500.0,um,129,49X,SE,,2,network
928,micrograph928.tif,5.0,um,129,4910X,SE,40,2,pearlite
931,micrograph931.tif,20.0,um,103,982x,SE,36,2,spheroidite
932,micrograph932.tif,20.0,um,103,982x,SE,,2,pearlite+widmanstatten
933,micrograph933.tif,10.0,um,103,1964X,SE,7,2,spheroidite
934,micrograph934.tif,200.0,um,103,98X,SE,41,2,network
935,micrograph935.tif,20.0,um,103,982x,SE,23,2,spheroidite+widmanstatten
936,micrograph936.tif,5.0,um,129,4910X,SE,14,2,spheroidite
939,micrograph939.tif,10.0,um,103,1964X,SE,2,2,spheroidite
941,micrograph941.tif,200.0,um,103,98X,BSE,47,2,network
947,micrograph947.tif,20.0,um,103,982x,SE,39,2,spheroidite
949,micrograph949.tif,500.0,um,129,49X,SE,,2,network
951,micrograph951.tif,20.0,um,124,1178X,BSE,47,2,martensite
952,micrograph952.tif,10.0,um,103,1964X,SE,21,2,spheroidite
953,micrograph953.tif,2.0,um,124,11785x,SE,,2,pearlite
954,micrograph954.tif,20.0,um,83,786x,SE,41,2,martensite
955,micrograph955.tif,5.0,um,90,3437X,SE,34,2,spheroidite+widmanstatten
956,micrograph956.png,10.0,um,103,1964X,SE,36,2,spheroidite
959,micrograph959.tif,200.0,um,103,98x,SE,34,2,network
961,micrograph961.tif,500.0,um,129,49X,SE,,2,network
963,micrograph963.tif,20.0,um,124,1178X,SE,47,2,martensite
965,micrograph965.tif,100.0,um,129,246x,SE,34,2,network
967,micrograph967.tif,2.0,um,124,11785x,SE,4,2,spheroidite+widmanstatten
968,micrograph968.tif,200.0,um,103,98X,BSE,47,2,network
970,micrograph970.tif,20.0,um,103,982x,SE,20,2,spheroidite
971,micrograph971.tif,200.0,um,103,98X,SE,47,2,network
973,micrograph973.tif,200.0,um,103,98x,SE,3,2,network
974,micrograph974.tif,20.0,um,154,1473X,SE,25,2,spheroidite+widmanstatten
984,micrograph984.tif,20.0,um,124,1178X,SE,41,2,martensite
985,micrograph985.tif,10.0,um,129,,SE,47,2,pearlite
986,micrograph986.tif,20.0,um,154,1473X,SE,28,2,spheroidite
989,micrograph989.tif,50.0,um,129,491x,SE,28,2,spheroidite+widmanstatten
990,micrograph990.tif,5.0,um,129,4910X,SE,23,2,spheroidite
991,micrograph991.tif,10.0,um,103,1964X,SE,14,2,spheroidite
994,micrograph994.tif,2.0,um,83,,SE,,2,pearlite+spheroidite
995,micrograph995.tif,5.0,um,90,3437X,SE,34,2,spheroidite
997,micrograph997.tif,10.0,um,103,1964X,SE,5,2,pearlite+spheroidite
998,micrograph998.tif,2.0,um,103,,SE,2,2,spheroidite
999,micrograph999.tif,200.0,um,103,98x,SE,27,2,network
1001,micrograph1001.tif,200.0,um,103,98x,SE,42,2,network
1003,micrograph1003.tif,10.0,um,103,1964X,SE,38,2,spheroidite+widmanstatten
1005,micrograph1005.tif,20.0,um,103,982x,SE,34,2,spheroidite+widmanstatten
1006,micrograph1006.tif,5.0,um,129,4910X,SE,23,2,spheroidite
1008,micrograph1008.tif,20.0,um,103,982x,BSE,33,2,spheroidite
1009,micrograph1009.tif,20.0,um,103,982x,SE,47,2,martensite
1010,micrograph1010.tif,500.0,um,129,49X,SE,,2,network
1011,micrograph1011.tif,2.0,um,103,,SE,42,2,pearlite
1012,micrograph1012.tif,10.0,um,103,1964X,SE,41,2,martensite
1013,micrograph1013.tif,5.0,um,129,4910X,SE,38,2,spheroidite
1015,micrograph1015.tif,5.0,um,129,4910X,SE,2,2,spheroidite
1017,micrograph1017.tif,20.0,um,103,982x,SE,21,2,spheroidite
1018,micrograph1018.tif,10.0,um,103,1964X,SE,33,2,spheroidite
1019,micrograph1019.tif,200.0,um,103,98x,SE,34,2,network
1020,micrograph1020.tif,10.0,um,103,1964X,SE,12,2,spheroidite
1022,micrograph1022.png,10.0,um,103,1964X,SE,40,2,spheroidite
1023,micrograph1023.tif,500.0,um,129,49X,SE,,2,network
1025,micrograph1025.tif,2.0,um,67,6383x,BSE,47,2,pearlite
1026,micrograph1026.tif,500.0,um,129,49X,SE,,2,network
1027,micrograph1027.tif,10.0,um,103,1964X,BSE,33,2,spheroidite
1028,micrograph1028.tif,10.0,um,103,1964X,SE,16,2,spheroidite
1030,micrograph1030.tif,20.0,um,83,786x,BSE,41,2,martensite
1031,micrograph1031.tif,5.0,um,129,4910X,SE,7,2,spheroidite
1032,micrograph1032.png,10.0,um,103,1964X,,37,2,spheroidite
1033,micrograph1033.tif,5.0,um,129,4910X,SE,,2,pearlite+spheroidite
1035,micrograph1035.tif,500.0,um,129,49X,,4,2,network
1038,micrograph1038.tif,20.0,um,103,982x,SE,17,2,spheroidite
1039,micrograph1039.tif,5.0,um,90,3437x,SE,,2,pearlite
1040,micrograph1040.tif,200.0,um,103,98x,SE,3,2,network
1045,micrograph1045.png,10.0,um,103,1964X,SE,36,2,spheroidite
1046,micrograph1046.tif,20.0,um,154,1473X,SE,,2,pearlite+widmanstatten
1048,micrograph1048.tif,20.0,um,124,1178X,BSE,47,2,martensite
1049,micrograph1049.tif,200.0,um,103,98X,SE,25,2,network
1052,micrograph1052.tif,5.0,um,90,3437X,SE,29,2,spheroidite
1053,micrograph1053.tif,5.0,um,129,4910x,SE,42,2,pearlite
1054,micrograph1054.tif,20.0,um,154,1473X,SE,28,2,spheroidite
1055,micrograph1055.tif,10.0,um,103,1964X,SE,41,2,martensite
1056,micrograph1056.png,10.0,um,103,1964X,SE,36,2,spheroidite
1057,micrograph1057.tif,5.0,um,129,4910X,SE,34,2,spheroidite+widmanstatten
1058,micrograph1058.tif,20.0,um,103,982x,SE,37,2,spheroidite
1059,micrograph1059.tif,10.0,um,103,1964X,SE,17,2,spheroidite
1061,micrograph1061.tif,20.0,um,103,982x,SE,37,2,spheroidite
1062,micrograph1062.tif,1.0,um,129,24551X,SE,44,2,pearlite
1063,micrograph1063.tif,10.0,um,103,1964X,SE,22,2,spheroidite+widmanstatten
1064,micrograph1064.tif,200.0,um,107,102x,SE,44,2,network
1068,micrograph1068.tif,5.0,um,129,4910X,SE,5,2,pearlite+spheroidite
1072,micrograph1072.tif,200.0,um,103,98x,SE,31,2,network
1075,micrograph1075.tif,200.0,um,103,98X,SE,25,2,network
1076,micrograph1076.tif,2.0,um,103,,SE,42,2,pearlite
1077,micrograph1077.tif,200.0,um,103,98X,SE,,2,network
1078,micrograph1078.tif,50.0,um,129,491x,SE,8,2,pearlite+widmanstatten
1079,micrograph1079.tif,10.0,um,103,1964X,SE,47,2,martensite
1080,micrograph1080.tif,500.0,um,129,49X,SE,,2,network
1082,micrograph1082.tif,500.0,um,129,49X,SE,,2,network
1083,micrograph1083.tif,2.0,um,103,,SE,44,2,pearlite
1092,micrograph1092.tif,20.0,um,103,982x,SE,14,2,spheroidite
1093,micrograph1093.tif,10.0,um,103,1964X,SE,38,2,spheroidite+widmanstatten
1094,micrograph1094.tif,20.0,um,154,1473X,,26,2,spheroidite
1096,micrograph1096.tif,2.0,um,103,,SE,6,2,spheroidite
1097,micrograph1097.tif,20.0,um,103,982x,SE,,2,pearlite+widmanstatten
1098,micrograph1098.tif,10.0,um,103,1964X,SE,23,2,spheroidite
1100,micrograph1100.tif,2.0,um,103,9820X,SE,47,2,pearlite
1101,micrograph1101.tif,2.0,um,103,9820X,BSE,47,2,pearlite
1102,micrograph1102.tif,10.0,um,129,,SE,42,2,pearlite
1103,micrograph1103.tif,10.0,um,103,1964X,SE,18,2,spheroidite
1104,micrograph1104.tif,20.0,um,103,982x,SE,9,2,pearlite+widmanstatten
1105,micrograph1105.tif,10.0,um,103,1964X,SE,16,2,spheroidite
1106,micrograph1106.tif,2.0,um,103,,SE,9,2,pearlite
1109,micrograph1109.tif,200.0,um,103,98x,SE,19,2,network
1111,micrograph1111.tif,500.0,um,129,,SE,44,2,network
1112,micrograph1112.tif,10.0,um,103,1964X,SE,2,2,spheroidite
1117,micrograph1117.tif,10.0,um,103,1964X,SE,25,2,spheroidite
1119,micrograph1119.tif,2.0,um,103,,SE,47,2,pearlite
1120,micrograph1120.tif,2.0,um,83,,SE,6,2,spheroidite
1123,micrograph1123.tif,20.0,um,103,982x,BSE,,2,pearlite+widmanstatten
1126,micrograph1126.tif,5.0,um,129,4910X,SE,47,2,pearlite
1127,micrograph1127.tif,5.0,um,129,4910X,SE,7,2,spheroidite
1128,micrograph1128.tif,200.0,um,103,98X,SE,37,2,network
1129,micrograph1129.tif,50.0,um,129,491x,SE,33,2,spheroidite+widmanstatten
1134,micrograph1134.tif,200.0,um,103,98x,SE,3,2,network
1136,micrograph1136.tif,5.0,um,90,3437X,SE,28,2,spheroidite
1138,micrograph1138.tif,5.0,um,129,4910x,SE,11,2,spheroidite
1139,micrograph1139.png,10.0,um,103,1964X,SE,39,2,spheroidite
1140,micrograph1140.png,10.0,um,103,1964X,SE,36,2,spheroidite
1142,micrograph1142.tif,500.0,um,129,,SE,,2,network
1144,micrograph1144.tif,5.0,um,90,3437X,SE,,2,pearlite
1145,micrograph1145.tif,10.0,um,103,1964X,SE,47,2,spheroidite
1146,micrograph1146.tif,10.0,um,103,1964X,SE,39,2,spheroidite
1150,micrograph1150.tif,20.0,um,103,982x,SE,33,2,spheroidite
1152,micrograph1152.tif,20.0,um,67,638x,SE,,2,pearlite
1155,micrograph1155.tif,20.0,um,103,982x,BSE,47,2,pearlite
1156,micrograph1156.tif,50.0,um,129,491x,SE,32,2,spheroidite+widmanstatten
1157,micrograph1157.tif,5.0,um,129,4910X,SE,,2,pearlite
1159,micrograph1159.tif,20.0,um,154,1473X,BSE,24,2,spheroidite
1161,micrograph1161.tif,20.0,um,103,982x,SE,37,2,spheroidite
1162,micrograph1162.tif,200.0,um,124,118x,SE,9,2,network
1163,micrograph1163.tif,20.0,um,154,1473X,BSE,24,2,spheroidite
1164,micrograph1164.tif,20.0,um,103,982x,BSE,35,2,spheroidite
1165,micrograph1165.tif,5.0,um,129,4910x,SE,,2,pearlite
1167,micrograph1167.tif,20.0,um,103,982x,SE,11,2,spheroidite
1168,micrograph1168.tif,20.0,um,154,1473X,SE,,2,pearlite+spheroidite
1173,micrograph1173.tif,1.0,um,103,19641x,SE,4,2,spheroidite
1174,micrograph1174.tif,10.0,um,129,,SE,47,2,martensite
1176,micrograph1176.tif,20.0,um,103,982x,SE,37,2,spheroidite
1177,micrograph1177.tif,20.0,um,154,1473X,SE,41,2,martensite
1180,micrograph1180.tif,20.0,um,103,982x,SE,39,2,spheroidite
1182,micrograph1182.tif,200.0,um,124,118x,BSE,24,2,network
1183,micrograph1183.tif,5.0,um,90,3437X,SE,29,2,spheroidite
1185,micrograph1185.tif,20.0,um,103,982x,SE,33,2,spheroidite
1186,micrograph1186.tif,20.0,um,103,982x,SE,37,2,spheroidite
1188,micrograph1188.tif,5.0,um,129,4910X,SE,16,2,spheroidite
1189,micrograph1189.tif,20.0,um,103,982x,SE,37,2,spheroidite
1192,micrograph1192.tif,5.0,um,129,4910X,SE,18,2,spheroidite
1193,micrograph1193.tif,20.0,um,103,982x,SE,27,2,spheroidite
1195,micrograph1195.png,10.0,um,103,1964X,,37,2,spheroidite
1196,micrograph1196.tif,5.0,um,129,4910X,SE,6,2,spheroidite
1197,micrograph1197.tif,2.0,um,83,,SE,6,2,spheroidite
1198,micrograph1198.tif,200.0,um,103,98X,SE,41,2,network
1199,micrograph1199.tif,5.0,um,90,3437X,SE,40,2,spheroidite
1200,micrograph1200.png,10.0,um,103,1964X,SE,40,2,spheroidite
1201,micrograph1201.tif,5.0,um,90,3437x,BSE,24,2,spheroidite
1202,micrograph1202.tif,20.0,um,103,982x,SE,36,2,spheroidite
1204,micrograph1204.tif,20.0,um,103,982x,SE,,2,pearlite+widmanstatten
1205,micrograph1205.tif,10.0,um,103,1964X,SE,23,2,spheroidite
1206,micrograph1206.tif,10.0,um,103,1964X,SE,5,2,pearlite+spheroidite
1207,micrograph1207.tif,100.0,um,129,246x,BSE,35,2,spheroidite
1210,micrograph1210.tif,200.0,um,103,98X,SE,37,2,network
1213,micrograph1213.tif,5.0,um,129,4910x,SE,42,2,pearlite
1214,micrograph1214.tif,100.0,um,129,246x,SE,8,2,pearlite+widmanstatten
1215,micrograph1215.tif,20.0,um,103,982x,SE,8,2,pearlite+widmanstatten
1216,micrograph1216.tif,1.0,um,129,24551X,SE,47,2,pearlite
1217,micrograph1217.png,200.0,um,103,98x,,37,2,network
1218,micrograph1218.tif,20.0,um,124,1178X,SE,35,2,spheroidite+widmanstatten
1219,micrograph1219.tif,20.0,um,103,982x,SE,37,2,spheroidite+widmanstatten
1223,micrograph1223.tif,10.0,um,103,1964X,SE,40,2,spheroidite
1226,micrograph1226.tif,50.0,um,129,491x,SE,44,2,pearlite+spheroidite
1227,micrograph1227.tif,10.0,um,103,1964X,SE,,2,pearlite+spheroidite
1228,micrograph1228.tif,500.0,um,129,49X,SE,,2,network
1232,micrograph1232.tif,10.0,um,103,1964X,SE,23,2,spheroidite
1234,micrograph1234.tif,5.0,um,129,4910X,SE,7,2,spheroidite
1238,micrograph1238.tif,200.0,um,103,98x,SE,3,2,network
1239,micrograph1239.tif,10.0,um,103,1964X,SE,38,2,spheroidite
1240,micrograph1240.tif,200.0,um,103,98x,SE,34,2,network
1241,micrograph1241.tif,5.0,um,129,4910x,SE,,2,pearlite+spheroidite
1243,micrograph1243.tif,50.0,um,129,491x,SE,5,2,pearlite+spheroidite
1247,micrograph1247.tif,20.0,um,83,786x,SE,44,2,pearlite+spheroidite
1248,micrograph1248.tif,5.0,um,129,4910X,SE,7,2,spheroidite
1249,micrograph1249.tif,10.0,um,103,1964X,SE,29,2,spheroidite
1252,micrograph1252.tif,5.0,um,90,3437X,SE,34,2,spheroidite+widmanstatten
1254,micrograph1254.tif,500.0,um,129,49X,SE,,2,network
1255,micrograph1255.tif,20.0,um,154,1473X,SE,,2,pearlite+widmanstatten
1256,micrograph1256.tif,10.0,um,103,1964X,SE,33,2,spheroidite
1257,micrograph1257.tif,20.0,um,124,1178X,SE,21,2,spheroidite
1259,micrograph1259.tif,500.0,um,129,49X,SE,,2,network
1260,micrograph1260.tif,2.0,um,124,11785x,SE,3,2,pearlite
1261,micrograph1261.tif,20.0,um,103,982x,SE,20,2,spheroidite+widmanstatten
1262,micrograph1262.tif,10.0,um,129,,SE,4,2,spheroidite
1265,micrograph1265.tif,5.0,um,129,4910X,SE,2,2,spheroidite
1266,micrograph1266.tif,100.0,um,129,246x,SE,12,2,network
1267,micrograph1267.tif,10.0,um,129,,BSE,,2,pearlite+widmanstatten
1268,micrograph1268.tif,20.0,um,124,1178X,SE,,2,pearlite+spheroidite
1271,micrograph1271.tif,10.0,um,129,,SE,,2,pearlite+spheroidite
1272,micrograph1272.tif,200.0,um,103,98x,BSE,7,2,network
1273,micrograph1273.tif,20.0,um,83,786x,SE,33,2,spheroidite
1274,micrograph1274.tif,500.0,um,129,49X,SE,,2,network
1279,micrograph1279.tif,2.0,um,103,9820X,SE,,2,pearlite
1280,micrograph1280.tif,20.0,um,103,982x,SE,32,2,spheroidite
1281,micrograph1281.tif,20.0,um,83,786x,BSE,41,2,martensite
1283,micrograph1283.tif,200.0,um,103,98X,SE,37,2,network
1284,micrograph1284.tif,20.0,um,103,982x,SE,36,2,spheroidite
1285,micrograph1285.tif,20.0,um,103,982x,SE,17,2,spheroidite
1287,micrograph1287.tif,20.0,um,103,982x,SE,,2,pearlite+widmanstatten
1288,micrograph1288.tif,20.0,um,83,786x,BSE,24,2,spheroidite
1289,micrograph1289.tif,10.0,um,103,1964X,SE,40,2,spheroidite
1291,micrograph1291.tif,200.0,um,103,98x,SE,33,2,network
1294,micrograph1294.tif,5.0,um,90,3437x,SE,47,2,pearlite
1295,micrograph1295.png,10.0,um,103,1964X,SE,36,2,spheroidite
1298,micrograph1298.tif,20.0,um,124,1178X,SE,34,2,spheroidite+widmanstatten
1300,micrograph1300.tif,2.0,um,83,7856X,SE,8,2,pearlite
1302,micrograph1302.tif,200.0,um,103,98X,SE,35,2,network
1303,micrograph1303.tif,20.0,um,103,982x,SE,,2,pearlite+spheroidite
1304,micrograph1304.tif,20.0,um,124,1178X,SE,24,2,spheroidite
1305,micrograph1305.tif,500.0,um,129,,SE,42,2,network
1306,micrograph1306.tif,10.0,um,103,1964X,SE,21,2,spheroidite
1309,micrograph1309.png,200.0,um,103,98X,SE,39,2,network
1311,micrograph1311.tif,50.0,um,129,491x,SE,32,2,spheroidite+widmanstatten
1316,micrograph1316.tif,50.0,um,129,491x,SE,47,2,martensite
1318,micrograph1318.tif,5.0,um,129,4910X,SE,2,2,spheroidite
1321,micrograph1321.tif,200.0,um,103,98x,BSE,24,2,network
1322,micrograph1322.tif,10.0,um,103,1964X,SE,6,2,spheroidite
1324,micrograph1324.tif,500.0,um,85,32X,SE,47,2,network
1326,micrograph1326.tif,2.0,um,103,,BSE,47,2,pearlite
1327,micrograph1327.tif,5.0,um,90,3437X,,26,2,spheroidite
1329,micrograph1329.tif,10.0,um,103,1964X,SE,2,2,spheroidite
1330,micrograph1330.tif,20.0,um,154,1473X,SE,32,2,spheroidite
1331,micrograph1331.tif,20.0,um,154,1473X,SE,39,2,spheroidite+widmanstatten
1332,micrograph1332.tif,2.0,um,103,,SE,44,2,pearlite
1333,micrograph1333.tif,2.0,um,67,6383X,SE,47,2,pearlite
1337,micrograph1337.tif,5.0,um,129,4910X,SE,18,2,spheroidite
1338,micrograph1338.tif,2.0,um,103,9820X,SE,47,2,pearlite
1339,micrograph1339.tif,2.0,um,67,,SE,14,2,spheroidite
1344,micrograph1344.tif,200.0,um,103,98X,BSE,7,2,network
1347,micrograph1347.tif,200.0,um,103,98x,SE,34,2,network
1348,micrograph1348.tif,20.0,um,103,982x,SE,21,2,spheroidite
1349,micrograph1349.tif,10.0,um,103,1964X,SE,40,2,spheroidite
1351,micrograph1351.tif,200.0,um,103,98x,SE,32,2,network
1356,micrograph1356.tif,10.0,um,103,1964X,SE,16,2,spheroidite
1357,micrograph1357.tif,20.0,um,103,982x,SE,,2,pearlite+spheroidite
1358,micrograph1358.tif,2.0,um,103,,SE,44,2,pearlite
1359,micrograph1359.tif,20.0,um,103,982x,SE,13,2,spheroidite
1361,micrograph1361.tif,5.0,um,129,4910X,,26,2,spheroidite
1364,micrograph1364.tif,500.0,nm,129,49102x,SE,,2,pearlite
1366,micrograph1366.tif,20.0,um,103,982x,SE,,2,pearlite+spheroidite
1367,micrograph1367.tif,10.0,um,103,1964X,SE,34,2,spheroidite+widmanstatten
1368,micrograph1368.tif,10.0,um,103,1964X,SE,28,2,spheroidite
1370,micrograph1370.tif,20.0,um,103,982x,SE,47,2,pearlite+widmanstatten
1371,micrograph1371.tif,500.0,um,128,,SE,42,2,network
1372,micrograph1372.tif,10.0,um,103,1964X,SE,2,2,spheroidite
1374,micrograph1374.png,200.0,um,103,98X,SE,39,2,network
1376,micrograph1376.tif,500.0,nm,129,49102x,SE,,2,pearlite
1378,micrograph1378.tif,5.0,um,90,3437x,SE,,2,pearlite
1379,micrograph1379.tif,20.0,um,103,982x,SE,25,2,spheroidite
1384,micrograph1384.tif,500.0,nm,90,34372X,SE,47,2,pearlite
1385,micrograph1385.tif,2.0,um,83,,SE,33,2,spheroidite
1388,micrograph1388.tif,2.0,um,103,,SE,18,2,spheroidite
1389,micrograph1389.png,10.0,um,103,1964X,SE,40,2,spheroidite
1390,micrograph1390.tif,5.0,um,90,3437x,SE,,2,pearlite+spheroidite
1391,micrograph1391.tif,10.0,um,103,1964X,SE,13,2,spheroidite
1392,micrograph1392.tif,20.0,um,103,982x,SE,36,2,spheroidite
1393,micrograph1393.tif,5.0,um,90,3437x,SE,47,2,pearlite
1394,micrograph1394.tif,200.0,um,103,98X,SE,37,2,network
1395,micrograph1395.tif,20.0,um,83,786x,SE,,2,pearlite+widmanstatten
1396,micrograph1396.tif,20.0,um,124,1178X,BSE,47,2,martensite
1397,micrograph1397.tif,500.0,nm,90,34372X,SE,47,2,pearlite
1398,micrograph1398.tif,20.0,um,103,982x,SE,,2,pearlite+spheroidite
1399,micrograph1399.tif,200.0,um,103,98X,SE,31,2,network
1400,micrograph1400.tif,10.0,um,129,2455X,SE,3,2,pearlite
1404,micrograph1404.tif,10.0,um,103,1964X,SE,13,2,spheroidite
1405,micrograph1405.tif,100.0,um,103,,SE,11,2,network
1406,micrograph1406.tif,1.0,um,129,24551X,SE,47,2,pearlite
1407,micrograph1407.tif,5.0,um,129,4910X,SE,32,2,spheroidite
1408,micrograph1408.tif,200.0,um,103,98x,SE,6,2,network
1409,micrograph1409.tif,200.0,um,103,98X,SE,37,2,network
1411,micrograph1411.tif,20.0,um,103,982x,SE,13,2,spheroidite
1412,micrograph1412.png,200.0,um,103,98x,SE,36,2,network
1414,micrograph1414.tif,5.0,um,129,4910X,SE,,2,pearlite+spheroidite
1415,micrograph1415.tif,10.0,um,103,1964X,SE,21,2,spheroidite+widmanstatten
1417,micrograph1417.tif,20.0,um,83,786x,SE,,2,pearlite+widmanstatten
1420,micrograph1420.tif,200.0,um,103,98x,SE,3,2,network
1422,micrograph1422.tif,5.0,um,90,3437X,SE,40,2,spheroidite
1423,micrograph1423.tif,20.0,um,103,982x,SE,13,2,spheroidite
1424,micrograph1424.tif,20.0,um,154,1473X,SE,41,2,martensite
1426,micrograph1426.tif,20.0,um,103,982x,SE,20,2,spheroidite
1427,micrograph1427.tif,20.0,um,103,982x,SE,36,2,spheroidite
1431,micrograph1431.tif,50.0,um,129,491x,SE,47,2,spheroidite+widmanstatten
1432,micrograph1432.tif,5.0,um,90,3437X,SE,,2,pearlite+spheroidite
1433,micrograph1433.tif,5.0,um,129,4910X,SE,,2,pearlite+spheroidite
1435,micrograph1435.tif,5.0,um,129,4910X,SE,34,2,spheroidite+widmanstatten
1436,micrograph1436.tif,200.0,um,103,98x,SE,3,2,network
1440,micrograph1440.tif,20.0,um,67,638x,SE,25,2,spheroidite
1441,micrograph1441.tif,5.0,um,90,3437X,SE,31,2,pearlite+spheroidite
1444,micrograph1444.tif,200.0,um,103,98X,SE,47,2,network
1446,micrograph1446.tif,500.0,um,129,49X,SE,33,2,network
1447,micrograph1447.tif,5.0,um,129,4910X,SE,23,2,spheroidite
1449,micrograph1449.tif,10.0,um,129,,SE,41,2,martensite
1450,micrograph1450.tif,2.0,um,124,11785x,SE,,2,pearlite+spheroidite
1451,micrograph1451.tif,200.0,um,105,,BSE,43,2,network
1452,micrograph1452.tif,5.0,um,129,4910X,SE,47,2,pearlite
1454,micrograph1454.tif,200.0,um,103,98X,SE,37,2,network
1455,micrograph1455.tif,5.0,um,90,3437X,SE,,2,pearlite+spheroidite
1456,micrograph1456.tif,5.0,um,90,3437X,SE,40,2,spheroidite
1457,micrograph1457.tif,50.0,um,129,491x,SE,29,2,spheroidite
1458,micrograph1458.tif,2.0,um,67,6383X,SE,,2,pearlite+spheroidite
1466,micrograph1466.tif,10.0,um,103,1964X,SE,36,2,spheroidite
1467,micrograph1467.tif,200.0,nm,67,63833X,SE,47,2,pearlite
1468,micrograph1468.tif,200.0,um,103,98x,SE,26,2,network
1469,micrograph1469.tif,20.0,um,103,982x,SE,21,2,spheroidite
1473,micrograph1473.tif,2.0,um,103,,SE,44,2,pearlite
1474,micrograph1474.tif,5.0,um,90,3437X,SE,40,2,spheroidite
1479,micrograph1479.tif,500.0,um,129,,SE,42,2,network
1482,micrograph1482.tif,2.0,um,103,,SE,14,2,spheroidite
1483,micrograph1483.tif,20.0,um,103,982x,SE,39,2,spheroidite
1485,micrograph1485.tif,200.0,um,103,98X,SE,47,2,network
1487,micrograph1487.tif,500.0,um,129,49X,SE,,2,network
1489,micrograph1489.tif,10.0,um,103,1964X,BSE,,2,pearlite+spheroidite
1490,micrograph1490.png,200.0,um,103,98x,,37,2,network
1492,micrograph1492.tif,20.0,um,67,638x,SE,35,2,spheroidite+widmanstatten
1497,micrograph1497.tif,5.0,um,90,3437x,BSE,,2,pearlite
1500,micrograph1500.tif,2.0,um,83,7856X,SE,34,2,spheroidite+widmanstatten
1501,micrograph1501.tif,2.0,um,103,,SE,42,2,pearlite
1502,micrograph1502.tif,5.0,um,90,3437x,SE,,2,pearlite+spheroidite
1503,micrograph1503.tif,2.0,um,103,,SE,35,2,pearlite+spheroidite
1504,micrograph1504.tif,500.0,um,129,49X,SE,,2,network
1506,micrograph1506.tif,10.0,um,103,1964X,SE,25,2,spheroidite
1507,micrograph1507.tif,5.0,um,129,4910X,SE,23,2,spheroidite
1509,micrograph1509.tif,5.0,um,129,4910X,BSE,47,2,pearlite
1510,micrograph1510.tif,100.0,um,103,,SE,26,2,network
1513,micrograph1513.tif,10.0,um,129,,BSE,,2,pearlite+spheroidite
1514,micrograph1514.tif,1.0,um,103,19641x,SE,,2,pearlite+spheroidite
1515,micrograph1515.tif,5.0,um,129,4910X,SE,6,2,spheroidite
1516,micrograph1516.tif,20.0,um,103,982x,SE,39,2,spheroidite
1517,micrograph1517.tif,5.0,um,90,3437X,SE,33,2,spheroidite
1518,micrograph1518.tif,20.0,um,103,982x,SE,24,2,spheroidite
1519,micrograph1519.tif,500.0,um,123,47X,SE,47,2,network
1520,micrograph1520.tif,10.0,um,103,1964X,SE,20,2,spheroidite
1521,micrograph1521.tif,50.0,um,129,491x,BSE,24,2,spheroidite
1522,micrograph1522.tif,5.0,um,129,4910X,SE,34,2,spheroidite
1524,micrograph1524.tif,20.0,um,103,982x,SE,14,2,spheroidite
1525,micrograph1525.tif,5.0,um,129,4910X,SE,,2,pearlite+spheroidite
1526,micrograph1526.tif,10.0,um,129,,SE,,2,pearlite+spheroidite
1527,micrograph1527.tif,20.0,um,103,982x,SE,,2,pearlite+spheroidite
1528,micrograph1528.tif,20.0,um,103,982x,SE,47,2,spheroidite+widmanstatten
1531,micrograph1531.tif,20.0,um,124,1178X,BSE,41,2,martensite
1532,micrograph1532.tif,5.0,um,90,3437X,SE,,2,pearlite+spheroidite
1536,micrograph1536.tif,5.0,um,129,4910X,SE,2,2,spheroidite
1538,micrograph1538.tif,20.0,um,103,982x,SE,17,2,spheroidite
1539,micrograph1539.tif,500.0,um,129,49X,SE,,2,network
1540,micrograph1540.tif,2.0,um,154,14731x,SE,,2,pearlite
1542,micrograph1542.tif,2.0,um,124,11785x,SE,,2,pearlite
1543,micrograph1543.tif,1.0,um,103,19641X,SE,34,2,spheroidite
1544,micrograph1544.tif,5.0,um,90,3437X,SE,,2,pearlite
1549,micrograph1549.tif,5.0,um,90,3437X,SE,34,2,spheroidite+widmanstatten
1551,micrograph1551.tif,20.0,um,124,1178X,SE,38,2,spheroidite+widmanstatten
1552,micrograph1552.tif,200.0,um,103,98x,BSE,41,2,martensite
1554,micrograph1554.tif,1.0,um,103,19641x,SE,42,2,pearlite
1555,micrograph1555.tif,20.0,um,154,1473X,,26,2,spheroidite
1556,micrograph1556.tif,10.0,um,129,,SE,32,2,spheroidite
1558,micrograph1558.tif,200.0,um,103,98X,SE,37,2,network
1560,micrograph1560.tif,10.0,um,129,2455X,SE,34,2,spheroidite+widmanstatten
1561,micrograph1561.tif,200.0,um,103,98X,SE,25,2,network
1562,micrograph1562.tif,5.0,um,129,4910X,SE,32,2,spheroidite
1565,micrograph1565.tif,200.0,um,83,79x,SE,29,2,network
1569,micrograph1569.png,10.0,um,103,1964X,SE,36,2,spheroidite
1570,micrograph1570.tif,20.0,um,124,1178X,BSE,,2,pearlite+spheroidite
1571,micrograph1571.png,10.0,um,103,1964X,SE,36,2,spheroidite
1572,micrograph1572.tif,10.0,um,103,1964X,SE,21,2,spheroidite
1573,micrograph1573.tif,20.0,um,67,638x,SE,34,2,spheroidite+widmanstatten
1574,micrograph1574.tif,20.0,um,103,982x,SE,,2,pearlite+spheroidite
1575,micrograph1575.tif,500.0,um,129,49X,SE,,2,network
1579,micrograph1579.tif,10.0,um,103,1964X,SE,23,2,spheroidite
1580,micrograph1580.tif,10.0,um,103,1964X,SE,18,2,spheroidite
1581,micrograph1581.tif,20.0,um,103,982x,SE,32,2,spheroidite
1582,micrograph1582.tif,20.0,um,83,786x,SE,,2,pearlite+spheroidite
1583,micrograph1583.tif,200.0,um,103,98X,SE,31,2,network
1584,micrograph1584.tif,500.0,um,129,,SE,44,2,network
1586,micrograph1586.tif,20.0,um,103,982x,SE,38,2,spheroidite+widmanstatten
1587,micrograph1587.tif,2.0,um,83,,BSE,,2,pearlite
1588,micrograph1588.tif,1.0,um,103,19641x,SE,42,2,pearlite
1589,micrograph1589.tif,2.0,um,103,9820X,SE,47,2,pearlite
1593,micrograph1593.tif,500.0,um,129,49X,SE,,2,network
1595,micrograph1595.tif,5.0,um,129,4910x,SE,,2,pearlite+spheroidite
1597,micrograph1597.tif,2.0,um,103,,SE,42,2,pearlite
1599,micrograph1599.tif,100.0,um,103,,SE,47,2,martensite
1601,micrograph1601.tif,50.0,um,129,491x,SE,26,2,spheroidite+widmanstatten
1603,micrograph1603.tif,200.0,um,103,98x,BSE,37,2,network
1605,micrograph1605.tif,2.0,um,83,7856X,SE,8,2,pearlite
1607,micrograph1607.tif,10.0,um,103,1964X,SE,29,2,spheroidite
1608,micrograph1608.tif,20.0,um,103,982x,SE,20,2,spheroidite
1610,micrograph1610.tif,20.0,um,67,638x,,26,2,spheroidite+widmanstatten
1611,micrograph1611.tif,10.0,um,103,1964X,SE,37,2,spheroidite
1613,micrograph1613.tif,10.0,um,103,1964X,SE,4,2,spheroidite
1615,micrograph1615.tif,200.0,um,105,,BSE,43,2,network
1623,micrograph1623.tif,5.0,um,129,4910X,SE,7,2,spheroidite
1624,micrograph1624.tif,5.0,um,129,4910X,SE,14,2,spheroidite
1625,micrograph1625.tif,500.0,um,161,62x,BSE,43,2,network
1626,micrograph1626.tif,5.0,um,129,4910X,SE,18,2,spheroidite
1627,micrograph1627.tif,200.0,um,103,98X,SE,31,2,network
1633,micrograph1633.png,10.0,um,103,1964X,,37,2,spheroidite
1634,micrograph1634.tif,10.0,um,103,1964X,SE,17,2,spheroidite
1635,micrograph1635.tif,20.0,um,103,982x,BSE,,2,pearlite+spheroidite
1637,micrograph1637.tif,20.0,um,103,982x,SE,36,2,spheroidite
1638,micrograph1638.tif,1.0,um,129,24551X,SE,47,2,pearlite
1639,micrograph1639.tif,5.0,um,129,4910x,SE,,2,pearlite
1640,micrograph1640.tif,20.0,um,154,1473X,SE,31,2,spheroidite
1642,micrograph1642.tif,200.0,nm,67,63833X,SE,,2,pearlite
1643,micrograph1643.tif,5.0,um,129,4910X,SE,,2,pearlite+spheroidite
1644,micrograph1644.tif,10.0,um,103,1964X,SE,31,2,pearlite+spheroidite
1645,micrograph1645.tif,10.0,um,103,1964X,SE,6,2,spheroidite
1648,micrograph1648.tif,20.0,um,103,982x,SE,13,2,spheroidite
1651,micrograph1651.tif,20.0,um,103,982x,,26,2,spheroidite
1654,micrograph1654.tif,5.0,um,129,4910x,SE,44,2,pearlite
1655,micrograph1655.tif,2.0,um,103,,SE,42,2,pearlite
1656,micrograph1656.tif,5.0,um,129,4910x,SE,,2,pearlite+spheroidite
1657,micrograph1657.tif,10.0,um,129,,BSE,,2,pearlite+spheroidite
1661,micrograph1661.tif,200.0,um,105,,BSE,43,2,network
1662,micrograph1662.tif,5.0,um,90,3437X,SE,31,2,pearlite+spheroidite
1666,micrograph1666.tif,500.0,um,129,,BSE,47,2,network
1667,micrograph1667.tif,5.0,um,90,3437X,SE,40,2,spheroidite
1668,micrograph1668.tif,20.0,um,103,982x,SE,,2,pearlite+spheroidite
1671,micrograph1671.tif,1.0,um,103,19641x,SE,42,2,pearlite
1672,micrograph1672.tif,5.0,um,129,4910x,SE,11,2,spheroidite
1675,micrograph1675.tif,2.0,um,83,7856X,SE,34,2,spheroidite+widmanstatten
1676,micrograph1676.png,10.0,um,103,1964X,,37,2,spheroidite
1677,micrograph1677.tif,10.0,um,103,1964X,,26,2,spheroidite
1682,micrograph1682.tif,20.0,um,103,982x,SE,39,2,spheroidite
1683,micrograph1683.tif,500.0,um,129,49X,SE,,2,network
1684,micrograph1684.tif,10.0,um,103,1964X,SE,,2,pearlite+widmanstatten
1686,micrograph1686.tif,5.0,um,129,4910X,SE,34,2,spheroidite
1689,micrograph1689.tif,10.0,um,103,1964X,SE,18,2,spheroidite
1693,micrograph1693.tif,20.0,um,103,982x,SE,36,2,spheroidite
1694,micrograph1694.tif,5.0,um,129,4910X,SE,38,2,spheroidite
1696,micrograph1696.tif,2.0,um,103,,SE,47,2,pearlite
1697,micrograph1697.tif,100.0,um,129,246x,SE,47,2,martensite
1698,micrograph1698.tif,1.0,um,103,19641x,SE,42,2,pearlite
1700,micrograph1700.tif,20.0,um,103,982x,SE,47,2,martensite
1702,micrograph1702.tif,200.0,um,103,98X,BSE,47,2,network
1703,micrograph1703.tif,5.0,um,129,4910x,SE,19,2,spheroidite
1707,micrograph1707.tif,10.0,um,103,1964X,SE,2,2,spheroidite
1710,micrograph1710.tif,200.0,um,103,98x,SE,35,2,network
1712,micrograph1712.tif,20.0,um,154,1473X,SE,24,2,spheroidite
1716,micrograph1716.tif,10.0,um,103,1964X,SE,17,2,spheroidite
1718,micrograph1718.tif,200.0,um,103,98X,SE,47,2,network
1719,micrograph1719.tif,200.0,um,103,98X,SE,41,2,network
1720,micrograph1720.tif,5.0,um,129,4910X,SE,6,2,spheroidite
1721,micrograph1721.tif,2.0,um,103,,SE,44,2,pearlite
1722,micrograph1722.tif,20.0,um,154,1473X,SE,24,2,spheroidite
1723,micrograph1723.tif,10.0,um,103,1964X,BSE,41,2,martensite
1726,micrograph1726.tif,5.0,um,90,3437X,SE,34,2,spheroidite+widmanstatten
1730,micrograph1730.png,10.0,um,103,1964X,SE,40,2,spheroidite
1731,micrograph1731.tif,1.0,um,129,24551X,SE,47,2,pearlite
1732,micrograph1732.tif,2.0,um,67,,SE,9,2,pearlite
